swenson_name,SPCD,GENUS,SPECIES,VARIETY,SUBSPECIES,trait.genus,trait.species,sp_in,sp_out,species_name,Height,Seed,Density,Nitrogen,Height_source,Height_indicator,Seed_source,Seed_indicator,Density.source,Density_indicator,Nitrogen_source,Nitrogen_indicator,NOTES
alnus_glutinosa,355,Alnus,glutinosa,,,alnus,glutinosa,355,355,NA,13.716,1.395668831,0.42,3.538,USDA 2011,0,USDA 2011,0,1,0,29,0,
asimina_triloba,367,Asimina,triloba,,,asimina,triloba,367,367,Asimina triloba,7.62,650.7781492,0.384,3.5,USDA 2011,0,USDA 2011,0,2,1,1,0,
elaeagnus_angustifolia,997,Elaeagnus,angustifolia,,,elaeagnus,angustifolia,997,997,Elaeagnus angustifolia,10.668,87.90549806,0.464079,3.3,USDA 2011,0,USDA 2011,0,1,0,5,0,
ailanthus_altissima,341,Ailanthus,altissima,,,ailanthus,altissima,341,341,Ailanthus altissima,16.764,30.98308538,0.457191,3.12,USDA 2011,0,USDA 2011,0,1,0,30,1,
robinia_pseudoacacia,901,Robinia,pseudoacacia,,,robinia,pseudoacacia,901,901,Robinia pseudoacacia,18.288,18.89968208,0.66,2.97,USDA 2011,0,USDA 2011,0,1,0,29,0,
juglans_nigra,602,Juglans,nigra,,,juglans,nigra,602,602,Juglans nigra,30.48,11339.80925,0.51,2.96,USDA 2011,0,USDA 2011,0,1,0,20,0,
tilia_spp.,950,Tilia,spp.,,,tilia,spp.,950,950,Tilia,30.48,95.19252256,0.32,2.88,derived,2,derived,2,derived,2,derived,2,
tilia_americana,951,Tilia,americana,,,tilia,americana,951,951,Tilia americana,30.48,95.19252256,0.32,2.88,USDA 2011,0,USDA 2011,0,1,0,29,0,
prunus_americana,766,Prunus,americana,,,prunus,americana,766,766,Prunus americana,7.3152,521.3705402,0.48,2.87,USDA 2011,0,USDA 2011,0,2,1,30,1,
prunus_nigra,765,Prunus,nigra,,,prunus,nigra,765,765,Prunus nigra,9.144,93.04458872,0.48,2.87,USDA 2011,0,USDA 2011,0,2,1,30,1,
annona_glabra,853,Annona,glabra,,,annona,glabra,853,853,NA,3.048,229,0.5,2.85,USDA 2011,0,Royal Botanical Gardens Kew 2008,0,2,1,30,1,
juniperus_coahuilensis,59,Juniperus,coahuilensis,,,juniperus,coahuilensis,59,59,NA,8,59.81,0.5075,2.84,Swenson and Weiser 2010,1,Swenson and Weiser 2010,1,2,1,30,1,
diospyros_virginiana,521,Diospyros,virginiana,,,diospyros,virginiana,521,521,Diospyros virginiana,16.764,377.9936417,0.67,2.82,USDA 2011,0,USDA 2011,0,1,0,16,0,
diospyros_spp.,520,Diospyros,spp.,,,diospyros,spp.,520,520,NA,16.764,262.8968209,0.67,2.82,derived,2,derived,2,derived,2,derived,2,
diospyros_texana,522,Diospyros,texana,,,diospyros,texana,522,522,NA,16.764,147.8,0.67,2.82,derived,2,Royal Botanical Gardens Kew 2008,0,derived,2,derived,2,
gleditsia_triacanthos,552,Gleditsia,triacanthos,,,gleditsia,triacanthos,552,552,Gleditsia triacanthos,21.336,161.997275,0.6,2.8,USDA 2011,0,USDA 2011,0,1,0,19,0,
juniperus_deppeana,63,Juniperus,deppeana,,,juniperus,deppeana,63,63,NA,18.288,177.62,0.54,2.8,Swenson and Weiser 2010,1,Royal Botanical Gardens Kew 2008,0,2,1,30,1,
prunus_virginiana,763,Prunus,virginiana,,,prunus,virginiana,763,763,Prunus virginiana var virginiana,7.62,91.24771072,0.36,2.8,USDA 2011,0,USDA 2011,0,2,1,29,0,
juniperus_ashei,61,Juniperus,ashei,,,juniperus,ashei,61,61,NA,6.096,42.9,0.59,2.78,Swenson and Weiser 2010,1,Royal Botanical Gardens Kew 2008,0,2,1,30,1,
juglans_spp.,600,Juglans,spp.,,,juglans,spp.,600,600,NA,27.432,13229.77746,0.435,2.78,derived,2,derived,2,derived,2,derived,2,
gleditsia_spp.,550,Gleditsia,spp.,,,gleditsia,spp.,550,550,NA,16.764,156.5973659,0.655,2.75,derived,2,derived,2,derived,2,derived,2,
gleditsia_aquatica,551,Gleditsia,aquatica,,,gleditsia,aquatica,551,551,Gleditsia aquatica,12.192,151.1974567,0.71,2.7,USDA 2011,0,USDA 2011,0,2,1,30,1,
prunus_serotina,762,Prunus,serotina,,,prunus,serotina,762,762,Prunus serotina,24.384,94.49841042,0.47,2.679,USDA 2011,0,USDA 2011,0,1,0,29,0,
avicennia_germinans,986,Avicennia,germinans,,,avicennia,germinans,986,986,NA,9.144,10120,0.75,2.62,USDA 2012,0,Swenson and Weiser 2010,0,2,1,30,1,
carya_cordiformis,402,Carya,cordiformis,,,carya,cordiformis,402,402,Carya cordiformis,22.86,2907.643397,0.6,2.6,USDA 2011,0,USDA 2011,0,1,0,29,0,
sorbus_decora,937,Sorbus,decora,,,sorbus,decora,937,937,NA,12.192,29.87895198,0.544,2.6,USDA 2012,0,USDA 2012,0,derived,2,derived,2,
sorbus_spp.,934,Sorbus,spp.,,,sorbus,spp.,934,934,NA,12.192,16.35695215,0.544,2.6,derived,2,derived,2,derived,2,derived,2,
sorbus_americana,935,Sorbus,americana,,,sorbus,americana,935,935,Sorbus americana,12.192,2.834952313,0.544,2.6,USDA 2011,0,USDA 2011,0,2,1,26,0,
acer_saccharinum,317,Acer,saccharinum,,,acer,saccharinum,317,317,Acer saccharinum,27.432,281.7343913,0.44,2.6,USDA 2011,0,USDA 2011,0,1,0,19,0,
juglans_cinerea,601,Juglans,cinerea,,,juglans,cinerea,601,601,Juglans cinerea,24.384,15119.74567,0.36,2.6,USDA 2011,0,USDA 2011,0,1,0,29,0,
castanea_mollissima,424,Castanea,mollissima,,,castanea,mollissima,424,424,NA,15.24,6047.898267,0.593229,2.59,USDA 2012,0,USDA 2012,0,2,1,30,1,
castanea_pumila,422,Castanea,pumila,,,castanea,pumila,422,422,Castanea pumila,15,1814.37,0.5887,2.588,FNA 2004,0,Swenson and Weiser 2010,1,2,1,30,1,
castanea_dentata,421,Castanea,dentata,,,castanea,dentata,421,421,Castanea dentata,35.052,4535.9237,0.4,2.586,USDA 2011,0,USDA 2011,0,1,0,29,0,
prunus_spp.,760,Prunus,spp.,,,prunus,spp.,760,760,Prunus,14.2296,495.6105468,0.452155952,2.502714286,derived,2,derived,2,derived,2,derived,2,
prunus_alleghaniensis,769,Prunus,alleghaniensis,,,prunus,alleghaniensis,769,769,NA,14.2296,153.78,0.452155952,2.502714286,derived,2,Royal Botanical Gardens Kew 2008,0,derived,2,derived,2,
ulmus_rubra,975,Ulmus,rubra,,,ulmus,rubra,975,975,Ulmus rubra,25.908,11.06322854,0.48,2.5,USDA 2011,0,USDA 2011,0,1,0,29,0,
salix_amygdaloides,921,Salix,amygdaloides,,,salix,amygdaloides,921,921,NA,18.288,0.174458604,0.44,2.5,USDA 2011,0,USDA 2011,0,2,1,30,1,
acer_negundo,313,Acer,negundo,,,acer,negundo,313,313,Acer negundo,18.288,39.92890581,0.416,2.5,USDA 2011,0,USDA 2011,0,1,0,29,0,
salix_nigra,922,Salix,nigra,,,salix,nigra,922,922,Salix nigra,30.48,0.181436948,0.36,2.5,USDA 2011,0,USDA 2011,0,1,0,29,0,
populus_grandidentata,743,Populus,grandidentata,,,populus,grandidentata,743,743,NA,19.812,0.151197457,0.36,2.5,USDA 2011,0,USDA 2011,0,1,0,29,0,
acer_spicatum,319,Acer,spicatum,,,acer,spicatum,319,319,Acer spicatum,7.62,19.9644529,0.44,2.49,USDA 2011,0,USDA 2011,0,2,1,26,0,
fraxinus_quadrangulata,546,Fraxinus,quadrangulata,,,fraxinus,quadrangulata,546,546,NA,24.38,71.4,0.6,2.46,Swenson and Weiser 2010,1,Royal Botanical Gardens Kew 2008,0,2,1,30,1,
sideroxylon_salicifolium,891,Sideroxylon,salicifolium,,,sideroxylon,salicifolium,891,891,NA,15,79.557,0.805,2.44,derived,2,derived,2,derived,2,derived,2,
sideroxylon_lanuginosum,381,Sideroxylon,lanuginosum,,lanuginosum,sideroxylon,lanuginosum,381,381,Sideroxylon lanuginosum ssp lanuginosum,15,79.557,0.805,2.44,FNA 2004,0,Royal Botanical Gardens Kew 2008,0,2,1,30,1,
populus_heterophylla,744,Populus,heterophylla,,,populus,heterophylla,744,744,Populus heterophylla,30.48,2.984160329,0.4089,2.403,USDA 2011,0,USDA 2011,0,2,1,29,0,
laguncularia_racemosa,988,Laguncularia,racemosa,,,laguncularia,racemosa,988,988,NA,15.24,280,0.6,2.4,USDA 2011,0,Swenson and Weiser 2010,1,2,1,30,1,
prunus_pensylvanica,761,Prunus,pensylvanica,,,prunus,pensylvanica,761,761,Prunus pensylvanica,9.144,31.94312465,0.36,2.4,USDA 2011,0,USDA 2011,0,1,0,29,0,
celtis_occidentalis,462,Celtis,occidentalis,,,celtis,occidentalis,462,462,Celtis occidentalis,18.288,10.54865977,0.49,2.39,USDA 2011,0,USDA 2011,0,1,0,29,0,
celtis_spp.,460,Celtis,spp.,,,celtis,spp.,460,460,Celtis,21.336,108.3635049,0.48,2.39,derived,2,derived,2,derived,2,derived,2,
celtis_laevigata,461,Celtis,laevigata,,,celtis,laevigata,461,461,Celtis laevigata,24.384,206.17835,0.47,2.39,USDA 2011,0,USDA 2011,0,1,0,30,1,
quercus_macrocarpa,823,Quercus,macrocarpa,,,quercus,macrocarpa,823,823,NA,30.48,6047.898267,0.58,2.36,USDA 2011,0,USDA 2011,0,1,0,29,0,
populus_deltoides,742,Populus,deltoides,,,populus,deltoides,742,742,Populus deltoides,57.912,1.067276165,0.37,2.36,USDA 2011,0,USDA 2011,0,1,0,20,0,
albizia_julibrissin,345,Albizia,julibrissin,,,albizia,julibrissin,345,345,Albizia julibrissin,6.096,41.23567,0.545,2.35,USDA 2011,0,USDA 2011,0,2,1,30,1,
quercus_palustris,830,Quercus,palustris,,,quercus,palustris,830,830,Quercus palustris,30.48,1106.322854,0.58,2.33,USDA 2011,0,USDA 2011,0,1,0,16,0,
morus_rubra,682,Morus,rubra,,,morus,rubra,682,682,Morus rubra,21.336,1.316030749,0.5898,2.31,USDA 2011,0,USDA 2011,0,2,1,20,0,
ulmus_thomasii,977,Ulmus,thomasii,,,ulmus,thomasii,977,977,NA,27.432,64.79891,0.66,2.3,USDA 2011,0,USDA 2011,0,2,1,30,1,
fagus_grandifolia,531,Fagus,grandifolia,,,fagus,grandifolia,531,531,Fagus grandifolia,24.384,283.4952313,0.56,2.3,USDA 2011,0,USDA 2011,0,1,0,14,0,
magnolia_fraseri,655,Magnolia,fraseri,,,magnolia,fraseri,655,655,Magnolia fraseri,22.86,99.69063077,0.4,2.29,USDA 2011,0,USDA 2011,0,1,0,29,0,
betula_nigra,373,Betula,nigra,,,betula,nigra,373,373,Betula nigra,21.336,1.211518082,0.49,2.28,USDA 2011,0,USDA 2011,0,1,0,29,0,
juniperus_spp.,57,Juniperus,spp.,,,juniperus,spp.,57,57,Juniperus,11.9632,63.29238664,0.5375,2.246,derived,2,derived,2,derived,2,derived,2,
carya_ovalis,412,Carya,ovalis,,,carya,ovalis,412,412,Carya ovalis,46.63,3502.186,0.75,2.2,Swenson and Weiser 2010,1,Swenson and Weiser 2010,1,2,1,30,1,
ostrya_virginiana,701,Ostrya,virginiana,,,ostrya,virginiana,701,701,Ostrya virginiana,13.716,15.11974567,0.63,2.2,USDA 2011,0,USDA 2011,0,1,0,29,0,
quercus_alba,802,Quercus,alba,,,quercus,alba,802,802,Quercus alba,30.48,3543.690391,0.6,2.2,USDA 2011,0,USDA 2011,0,1,0,29,0,
betula_alleghaniensis,371,Betula,alleghaniensis,,,betula,alleghaniensis,371,371,Betula alleghaniensis,22.86,1.01611194,0.55,2.2,USDA 2011,0,USDA 2011,0,1,0,14,0,
betula_papyrifera,375,Betula,papyrifera,,,betula,papyrifera,375,375,NA,10.97,0.328499689,0.48,2.2,USDA 2011,0,USDA 2011,0,1,0,29,0,
populus_nigra,753,Populus,nigra,,,populus,nigra,753,753,NA,57.912,1.146714286,0.43,2.2,USDA 2011,0,Swenson and Weiser 2010,1,2,1,30,1,
carya_texana,408,Carya,texana,,,carya,texana,408,408,NA,41,3502.186,0.702839506,2.185,FNA 2004,0,Swenson and Weiser 2010,1,2,1,derived,2,
ulmus_spp.,970,Ulmus,spp.,,,ulmus,spp.,970,970,Ulmus,25.6902857143,14.7321125513,0.5681479714,2.1728571429,derived,2,derived,2,derived,2,derived,2,
morus_nigra,684,Morus,nigra,,,morus,nigra,684,684,NA,18.288,3.4,0.5894,2.17,derived,2,Royal Botanical Gardens Kew 2008,0,derived,2,derived,2,
morus_spp.,680,Morus,spp.,,,morus,spp.,680,680,Morus,18.288,2.215403682,0.5894,2.17,derived,2,derived,2,derived,2,derived,2,
ulmus_crassifolia,973,Ulmus,crassifolia,,,ulmus,crassifolia,973,973,NA,27.432,6.770035373,0.64,2.15,USDA 2011,0,USDA 2011,0,3,0,30,1,
ulmus_serotina,976,Ulmus,serotina,,,ulmus,serotina,976,976,NA,21.336,3.044244094,0.5870358,2.15,USDA 2011,0,USDA 2011,0,2,1,30,1,
aesculus_flava,332,Aesculus,flava,,,aesculus,flava,332,332,Aesculus flava,19.812,16199.7275,0.346983,2.14,USDA 2011,0,USDA 2011,0,1,0,30,1,
liriodendron_tulipifera,621,Liriodendron,tulipifera,,,liriodendron,tulipifera,621,621,Liriodendron tulipifera,36.576,32.399455,0.4,2.13,USDA 2011,0,USDA 2011,0,1,0,29,0,
fraxinus_spp.,540,Fraxinus,spp.,,,fraxinus,spp.,540,540,Fraxinus,24.07853333,69.29470821,0.513333333,2.115,derived,2,derived,2,derived,2,derived,2,
fraxinus_profunda,545,Fraxinus,profunda,,,fraxinus,profunda,545,545,Fraxinus profunda,36.576,141.7476156,0.48,2.115,USDA 2011,0,USDA 2011,0,1,0,30,1,
fraxinus_caroliniana,548,Fraxinus,caroliniana,,,fraxinus,caroliniana,548,548,Fraxinus caroliniana,11.8872,78.96803099,0.47,2.115,USDA 2011,0,USDA 2011,0,2,1,30,1,
carya_aquatica,401,Carya,aquatica,,,carya,aquatica,401,401,Carya aquatica,25.908,2267.96185,0.61,2.11,USDA 2011,0,USDA 2011,0,1,0,30,1,
aesculus_spp.,330,Aesculus,spp.,,,aesculus,spp.,330,330,NA,16.0528,11173.37553,0.3609915,2.11,derived,2,derived,2,derived,2,derived,2,
aesculus_pavia,336,Aesculus,pavia,,,aesculus,pavia,336,336,NA,7.62,9499.841,0.3609915,2.11,USDA 2011,0,Royal Botanical Gardens Kew 2008,0,derived,2,derived,2,
quercus_ellipsoidalis,809,Quercus,ellipsoidalis,,,quercus,ellipsoidalis,809,809,NA,20,1557.93,0.56,2.1,FNA 2004,0,Royal Botanical Gardens Kew 2008,0,2,1,20,0,
acer_barbatum,311,Acer,barbatum,,,acer,barbatum,311,311,Acer floridanum,15.24,64.79891,0.56,2.1,USDA 2011,0,USDA 2011,0,2,1,30,1,
fraxinus_americana,541,Fraxinus,americana,,,fraxinus,americana,541,541,Fraxinus americana,27.432,45.359237,0.55,2.1,USDA 2011,0,USDA 2011,0,1,0,29,0,
prunus_persica,764,Prunus,persica,,,prunus,persica,764,764,NA,10,2792,0.541091667,2.1,Swenson and Weiser 2010,1,Royal Botanical Gardens Kew 2008,0,2,1,30,1,
fraxinus_nigra,543,Fraxinus,nigra,,,fraxinus,nigra,543,543,NA,19.812,46.61792086,0.45,2.1,USDA 2011,0,USDA 2011,0,1,0,29,0,
betula_spp.,370,Betula,spp.,,,betula,spp.,370,370,Betula sp,16.2148,0.672972448,0.514,2.094,derived,2,derived,2,derived,2,derived,2,
aesculus_glabra,331,Aesculus,glabra,,,aesculus,glabra,331,331,NA,20.7264,7820.558103,0.375,2.08,USDA 2011,0,USDA 2011,0,2,1,16,0,
platanus_occidentalis,731,Platanus,occidentalis,,,platanus,occidentalis,731,731,Platanus occidentalis,30.48,2.36246026,0.46,2.07,USDA 2011,0,USDA 2011,0,1,0,16,0,
ulmus_pumila,974,Ulmus,pumila,,,ulmus,pumila,974,974,NA,21.336,6.982641164,0.55,2.06,USDA 2011,0,USDA 2011,0,1,0,30,1,
acer_spp.,310,Acer,spp.,,,acer,spp.,310,310,Acer,19.26344,82.39738745,0.51245,2.0595,derived,2,derived,2,derived,2,derived,2,
carya_illinoinensis,404,Carya,illinoinensis,,,carya,illinoinensis,404,404,NA,36.576,3489.172077,0.6,2.05,USDA 2011,0,USDA 2011,0,1,0,26,0,
ulmus_alata,971,Ulmus,alata,,,ulmus,alata,971,971,Ulmus alata,19.812,4.068093004,0.6,2.05,USDA 2011,0,USDA 2011,0,1,0,30,1,
betula_lenta,372,Betula,lenta,,,betula,lenta,372,372,Betula lenta,18.288,0.702155372,0.6,2.05,USDA 2011,0,USDA 2011,0,1,0,26,0,
carya_spp.,400,Carya,spp.,,,carya,spp.,400,400,Carya,31.436,4761.227872,0.662782922,2.048,derived,2,derived,2,derived,2,derived,2,
magnolia_macrophylla,654,Magnolia,macrophylla,,,magnolia,macrophylla,654,654,Magnolia macrophylla,32,167.8,0.45,2.04,FNA 2004,0,Royal Botanical Gardens Kew 2008,0,2,1,16,0,
morus_alba,681,Morus,alba,,,morus,alba,681,681,Morus alba,15.24,1.930180298,0.589,2.03,USDA 2011,0,USDA 2011,0,1,0,29,0,
carya_alba,409,Carya,alba,,,carya,alba,409,409,Carya alba,25.908,6213.59411,0.78,2.01,USDA 2011,0,USDA 2011,0,2,1,30,1,
quercus_muehlenbergii,826,Quercus,muehlenbergii,,,quercus,muehlenbergii,826,826,Quercus muehlenbergii,21.336,1133.980925,0.66,2.01,USDA 2011,0,USDA 2011,0,2,1,30,1,
quercus_rubra,833,Quercus,rubra,,,quercus,rubra,833,833,Quercus rubra,24.6888,3628.73896,0.56,2.01,USDA 2011,0,USDA 2011,0,1,0,29,0,
larix_spp.,70,Larix,spp.,,,larix,spp.,70,70,NA,24.384,1.550133691,0.49,2.01,derived,2,derived,2,derived,2,derived,2,
larix_laricina,71,Larix,laricina,,,larix,laricina,71,71,NA,24.384,1.550133691,0.49,2.01,USDA 2011,0,USDA 2011,0,1,0,26,0,
ficus_aurea,876,Ficus,aurea,,,ficus,aurea,876,876,NA,18.288,0.39,0.44,2.01,Swenson and Weiser 2010,1,Swenson and Weiser 2010,1,2,1,30,1,
syzygium_cumini,896,Syzygium,cumini,,,syzygium,cumini,896,896,NA,18.288,113.3980925,0.67,2.009,USDA 2011,0,USDA 2011,0,1,1,29,0,
carpinus_caroliniana,391,Carpinus,caroliniana,,,carpinus,caroliniana,391,391,Carpinus caroliniana,9.144,12.959782,0.58,2,USDA 2011,0,USDA 2011,0,1,0,29,0,
ulmus_americana,972,Ulmus,americana,,,ulmus,americana,972,972,Ulmus americana,36.576,6.397635684,0.46,2,USDA 2011,0,USDA 2011,0,1,0,29,0,
salix_caroliniana,925,Salix,caroliniana,,,salix,caroliniana,925,925,Salix caroliniana,10.0584,0.054649683,0.4,1.99,USDA 2011,0,USDA 2011,0,2,1,30,1,
salix_spp.,920,Salix,spp.,,,salix,spp.,920,920,NA,18.034,0.138424206,0.354688333,1.99,derived,2,derived,2,derived,2,derived,2,
salix_pyrifolia,926,Salix,pyrifolia,,,salix,pyrifolia,926,926,NA,18.034,0.138424206,0.354688333,1.99,derived,2,derived,2,derived,2,derived,2,
maclura_pomifera,641,Maclura,pomifera,,,maclura,pomifera,641,641,NA,10.668,64.79891,0.76,1.98,USDA 2011,0,USDA 2011,0,1,0,30,1,
carya_carolinae_septentrionalis,413,Carya,carolinae-septentrionalis,,,carya,carolinae_septentrionalis,413,413,Carya carolinae-septentrionalis,42.67,4401.2,0.73,1.98,Swenson and Weiser 2010,1,Swenson and Weiser 2010,1,2,1,30,1,
carya_ovata,407,Carya,ovata,,,carya,ovata,407,407,Carya ovata,22.86,4724.920521,0.64,1.98,USDA 2011,0,USDA 2011,0,1,0,29,0,
halesia_diptera,582,Halesia,diptera,,,halesia,diptera,582,582,NA,4.572,302.3949133,0.42,1.98,USDA 2011,0,USDA 2011,0,2,1,30,1,
halesia_spp.,580,Halesia,spp.,,,halesia,spp.,580,580,NA,6.858,292.9450723,0.42,1.98,derived,2,derived,2,derived,2,derived,2,
halesia_carolina,581,Halesia,carolina,,,halesia,carolina,581,581,Halesia carolina,9.144,283.4952313,0.42,1.98,USDA 2011,0,USDA 2011,0,1,0,30,1,
gymnocladus_dioicus,571,Gymnocladus,dioicus,,,gymnocladus,dioicus,571,571,NA,30.48,1972.140739,0.6984,1.97,USDA 2011,0,USDA 2011,0,2,1,30,1,
carya_laciniosa,405,Carya,laciniosa,,,carya,laciniosa,405,405,Carya laciniosa,30.48,15119.74567,0.62,1.961,USDA 2011,0,USDA 2011,0,1,0,30,1,
carya_myristiciformis,406,Carya,myristiciformis,,,carya,myristiciformis,406,406,Carya myristiciformis,28.956,3658.002984,0.56,1.96,USDA 2011,0,USDA 2011,0,1,0,30,1,
populus_tremuloides,746,Populus,tremuloides,,,populus,tremuloides,746,746,NA,19.812,0.139652823,0.35,1.94,USDA 2011,0,USDA 2011,0,1,0,29,0,
cercis_canadensis,471,Cercis,canadensis,,,cercis,canadensis,471,471,Cercis canadensis,9.144,25.19957611,0.65,1.92,USDA 2011,0,USDA 2011,0,1,0,27,0,
vernicia_fordii,995,Vernicia,fordii,,,vernicia,fordii,995,995,NA,10,1136,0.34,1.92,Swenson and Weiser 2010,1,Swenson and Weiser 2010,1,2,1,30,1,
populus_spp.,740,Populus,spp.,,,populus,spp.,740,740,NA,34.39885714,3.207625133,0.340195353,1.914125,derived,2,derived,2,derived,2,derived,2,
quercus_imbricaria,817,Quercus,imbricaria,,,quercus,imbricaria,817,817,Quercus imbricaria,13.716,1092.993663,0.69,1.9,USDA 2011,0,USDA 2011,0,2,1,30,1,
quercus_phellos,831,Quercus,phellos,,,quercus,phellos,831,831,Quercus phellos,30.48,981.8016667,0.56,1.9,USDA 2011,0,USDA 2011,0,1,0,30,1,
ginko_biloba,561,Ginkgo,biloba,,,ginko,biloba,561,561,NA,24.384,1522,0.458052,1.9,Swenson and Weiser 2010,1,Royal Botanical Gardens Kew 2008,0,2,1,30,1,
acer_pensylvanicum,315,Acer,pensylvanicum,,,acer,pensylvanicum,315,315,Acer pensylvanicum,10.668,39.92890581,0.44,1.9,USDA 2011,0,USDA 2011,0,1,0,29,0,
sassafras_albidum,931,Sassafras,albidum,,,sassafras,albidum,931,931,Sassafras albidum,22.86,90.718474,0.42,1.9,USDA 2011,0,USDA 2011,0,1,0,6,0,
aesculus_sylvatica,337,Aesculus,sylvatica,,,aesculus,sylvatica,337,337,Aesculus sylvatica,19.812,11339.80925,0.3922415,1.9,USDA 2011,0,USDA 2011,0,2,1,8,0,
populus_balsamifera,741,Populus,balsamifera,,,populus,balsamifera,741,741,NA,24.384,0.24,0.31,1.9,USDA 2011,0,Royal Botanical Gardens Kew 2008,0,1,0,29,0,
magnolia_tripetala,658,Magnolia,tripetala,,,magnolia,tripetala,658,658,Magnolia tripetala,9.144,263.16,0.4487,1.89,USDA 2011,0,Royal Botanical Gardens Kew 2008,0,2,1,30,1,
carya_pallida,410,Carya,pallida,,,carya,pallida,410,410,Carya pallida,29,5080.16,0.700555556,1.88,FNA 2004,0,Swenson and Weiser 2010,1,2,1,30,1,
cotinus_obovatus,996,Cotinus,obovatus,,,cotinus,obovatus,996,996,NA,9.144,8.95,0.559425392,1.866,Swenson and Weiser 2010,1,Royal Botanical Gardens Kew 2008,0,2,1,30,1,
planera_aquatica,722,Planera,aquatica,,,planera,aquatica,722,722,Planera aquatica,15.24,5.234,0.559425392,1.866,USDA 2011,0,Swenson and Weiser 2010,1,2,1,30,1,
gordonia_lasianthus,555,Gordonia,lasianthus,,,gordonia,lasianthus,555,555,Gordonia lasianthus,19.812,3.359943481,0.4728,1.866,USDA 2011,0,USDA 2011,0,2,1,30,1,
oxydendrum_arboreum,711,Oxydendrum,arboreum,,,oxydendrum,arboreum,711,711,Oxydendrum arboreum,10.668,0.123426495,0.5,1.86,USDA 2011,0,USDA 2011,0,1,0,29,0,
acer_leucoderme,323,Acer,leucoderme,,,acer,leucoderme,323,323,Acer leucoderme,16.46,51.96,0.6735,1.85,Swenson and Weiser 2010,1,Swenson and Weiser 2010,1,2,1,30,1,
acer_saccharum,318,Acer,saccharum,,,acer,saccharum,318,318,Acer saccharum,30.48,69.3566315,0.56,1.85,USDA 2011,0,USDA 2011,0,1,0,29,0,
acer_nigrum,314,Acer,nigrum,,,acer,nigrum,314,314,Acer nigrum,30.48,64.52238549,0.52,1.85,USDA 2011,0,USDA 2011,0,1,0,30,1,
catalpa_speciosa,452,Catalpa,speciosa,,,catalpa,speciosa,452,452,Catalpa speciosa,18.288,22.14806494,0.38,1.85,USDA 2011,0,USDA 2011,0,1,0,20,0,
nyssa_biflora,694,Nyssa,biflora,,,nyssa,biflora,694,694,Nyssa biflora,35.052,188.9968208,0.5194,1.84,USDA 2011,0,USDA 2011,0,2,1,30,1,
nyssa_sylvatica,693,Nyssa,sylvatica,,,nyssa,sylvatica,693,693,Nyssa sylvatica,28.956,134.9977292,0.46,1.84,USDA 2011,0,USDA 2011,0,1,0,29,0,
acer_rubrum,316,Acer,rubrum,,,acer,rubrum,316,316,Acer [drummondii + rubrum],20.7264,19.964,0.55,1.835,USDA 2011,0,Swenson and Weiser 2010,2,2,1,30,1,
amelanchier_arborea,357,Amelanchier,arborea,,,amelanchier,arborea,357,357,Amelanchier arborea/laevis,10.9728,5.681836482,0.7604,1.8,USDA 2011,0,USDA 2011,0,1,1,6,0,
amelanchier_spp.,356,Amelanchier,spp.,,,amelanchier,spp.,356,356,Amelanchier,7.0104,5.540872824,0.7604,1.8,derived,2,derived,2,derived,2,derived,2,
amelanchier_sanguinea,358,Amelanchier,sanguinea,,,amelanchier,sanguinea,358,358,NA,3.048,5.399909167,0.7604,1.8,USDA 2012,0,USDA 2012,0,derived,2,derived,2,
fraxinus_pennsylvanica,544,Fraxinus,pennsylvanica,,,fraxinus,pennsylvanica,544,544,Fraxinus pennsylvanica,24.384,31.67544483,0.53,1.8,USDA 2011,0,USDA 2011,0,1,0,29,0,
prunus_avium,771,Prunus,avium,,,prunus,avium,771,771,NA,32,187,0.474,1.8,Swenson and Weiser 2010,1,Royal Botanical Gardens Kew 2008,0,1,0,11,0,
quercus_bicolor,804,Quercus,bicolor,,,quercus,bicolor,804,804,NA,30.48,3779.936417,0.66,1.78,USDA 2011,0,USDA 2011,0,1,0,30,1,
quercus_lyrata,822,Quercus,lyrata,,,quercus,lyrata,822,822,Quercus lyrata,24.384,3239.9455,0.57,1.78,USDA 2011,0,USDA 2011,0,1,0,30,1,
nyssa_ogeche,692,Nyssa,ogeche,,,nyssa,ogeche,692,692,NA,15.24,368.7742846,0.46,1.74,USDA 2011,0,USDA 2011,0,2,1,30,1,
betula_populifolia,379,Betula,populifolia,,,betula,populifolia,379,379,NA,7.62,0.106577155,0.45,1.74,USDA 2011,0,USDA 2011,0,1,0,29,0,
melia_azedarach,993,Melia,azedarach,,,melia,azedarach,993,993,Melia azedarach,15.24,348,0.3829728,1.74,USDA 2011,0,Royal Botanical Gardens Kew 2008,0,1,0,30,1,
quercus_similis,836,Quercus,similis,,,quercus,similis,836,836,Quercus similis,25,1193.66,0.74,1.73,FNA 2004,0,Swenson and Weiser 2010,1,2,1,30,1,
crataegus_crus_galli,501,Crataegus,crus-galli,,,crataegus,crus_galli,501,501,Crataegus crus-galli,9.144,90.718474,0.7194,1.73,USDA 2011,0,USDA 2011,0,2,1,30,1,
crataegus_spp.,500,Crataegus,spp.,,,crataegus,spp.,500,500,Crataegus,12.497,90.519237,0.71765,1.73,derived,2,derived,2,derived,2,derived,2,
crataegus_mollis,502,Crataegus,mollis,,,crataegus,mollis,502,502,NA,15.85,90.32,0.7159,1.73,Swenson and Weiser 2010,1,Swenson and Weiser 2010,1,2,1,30,1,
quercus_coccinea,806,Quercus,coccinea,,,quercus,coccinea,806,806,Quercus coccinea,21.336,1930.180298,0.6,1.73,USDA 2011,0,USDA 2011,0,1,0,29,0,
quercus_stellata,835,Quercus,stellata,,,quercus,stellata,835,835,Quercus stellata,18.288,1193.664132,0.6,1.73,USDA 2011,0,USDA 2011,0,1,0,29,0,
catalpa_spp.,450,Catalpa,spp.,,,catalpa,spp.,450,450,NA,19.2024,22.14806494,0.3706,1.725,derived,2,derived,2,derived,2,derived,2,
bursera_simaruba,854,Bursera,simaruba,,,bursera,simaruba,854,854,NA,12.192,117,0.24,1.72,USDA 2011,0,Swenson and Weiser 2010,1,2,1,30,1,
quercus_shumardii,834,Quercus,shumardii,,,quercus,shumardii,834,834,Quercus shumardii,30.48,4535.9237,0.644,1.68,USDA 2011,0,USDA 2011,0,1,0,29,0,
nyssa_aquatica,691,Nyssa,aquatica,,,nyssa,aquatica,691,691,Nyssa aquatica,30.48,944.9841042,0.46,1.67,USDA 2011,0,USDA 2011,0,1,0,30,1,
salix_bebbiana,923,Salix,bebbiana,,,salix,bebbiana,923,923,NA,3.6576,0.18,0.36,1.67,Swenson and Weiser 2010,1,Royal Botanical Gardens Kew 2008,0,2,1,15,0,
quercus_oglethorpensis,844,Quercus,oglethorpensis,,,quercus,oglethorpensis,844,844,NA,24.08,2742.87,0.862,1.66,Swenson and Weiser 2010,1,Swenson and Weiser 2010,1,2,1,30,1,
quercus_prinoides,845,Quercus,prinoides,,,quercus,prinoides,845,845,NA,7.62,1133.98,0.8005,1.66,Swenson and Weiser 2010,1,Swenson and Weiser 2010,1,2,1,30,1,
carya_glabra,403,Carya,glabra,,,carya,glabra,403,403,Carya glabra,24.384,2267.96185,0.66,1.66,USDA 2011,0,USDA 2011,0,1,0,29,0,
populus_alba,752,Populus,alba,,,populus,alba,752,752,NA,30.48,0.12,0.35301,1.66,USDA 2011,0,Swenson and Weiser 2010,1,2,1,30,1,
persea_spp.,720,Persea,spp.,,,persea,spp.,720,720,NA,21.336,215.9963667,0.6429,1.64,derived,2,derived,2,derived,2,derived,2,
persea_borbonia,721,Persea,borbonia,,,persea,borbonia,721,721,Persea borbonia,21.336,215.9963667,0.6429,1.64,USDA 2011,0,USDA 2011,0,2,1,29,0,
juniperus_virginiana,68,Juniperus,virginiana,,,juniperus,virginiana,68,68,Juniperus virginiana,15.24,10.40349472,0.44,1.64,USDA 2011,0,USDA 2011,0,1,0,20,0,
salix_sepulcralis,929,Salix,sepulcralis,,,salix,sepulcralis,929,929,NA,24.384,0.12,0.28413,1.64,Swenson and Weiser 2010,1,Swenson and Weiser 2010,1,2,1,30,1,
salix_alba,927,Salix,alba,,,salix,alba,927,927,NA,21.336,0.12,0.284,1.64,USDA 2011,0,Royal Botanical Gardens Kew 2008,0,1,0,4,0,
quercus_spp.,800,Quercus,spp.,,,quercus,spp.,800,800,Quercus,21.600725,2115.428541,0.650913822,1.6265625,derived,2,derived,2,derived,2,derived,2,
malus_coronaria,663,Malus,coronaria,,,malus,coronaria,663,663,Malus coronaria,9,32.85,0.763,1.62,Swenson and Weiser 2010,1,Royal Botanical Gardens Kew 2008,0,2,1,26,0,
malus_ioensis,664,Malus,ioensis,,,malus,ioensis,664,664,NA,7.62,15.11974567,0.763,1.62,USDA 2012,0,USDA 2012,0,2,1,30,1,
malus_spp.,660,Malus,spp.,,,malus,spp.,660,660,NA,8.588,21.76324856,0.705266667,1.62,derived,2,derived,2,derived,2,derived,2,
malus_angustifolia,662,Malus,angustifolia,,,malus,angustifolia,662,662,Malus angustifolia,9.144,17.32,0.5898,1.62,Swenson and Weiser 2010,1,Swenson and Weiser 2010,1,2,1,30,1,
acer_platanoides,320,Acer,platanoides,,,acer,platanoides,320,320,NA,15.24,171.8152917,0.525,1.62,USDA 2011,0,USDA 2011,0,1,0,29,0,
quercus_margarettae,840,Quercus,margarettiae,,,quercus,margarettae,840,840,Quercus margaretta,16,1306.55,0.756,1.6,Swenson and Weiser 2010,1,Swenson and Weiser 2010,1,1,0,30,1,
cinnamomum_camphora,858,Cinnamomum,camphora,,,cinnamomum,camphora,858,858,NA,15,108,0.62,1.6,FNA 2004,0,Royal Botanical Gardens Kew 2008,0,1,0,19,0,
catalpa_bignonioides,451,Catalpa,bignonioides,,,catalpa,bignonioides,451,451,Catalpa bignonioides,20.1168,22.14806494,0.3612,1.6,USDA 2011,0,USDA 2011,0,1,0,34,0,
quercus_michauxii,825,Quercus,michauxii,,,quercus,michauxii,825,825,Quercus michauxii,24.384,5336.380824,0.6,1.59,USDA 2011,0,USDA 2011,0,1,0,26,0,
abies_fraseri,16,Abies,fraseri,,,abies,fraseri,16,16,Abies fraseri,16.764,7.460400822,0.5,1.56,USDA 2011,0,USDA 2011,0,2,1,30,1,
quercus_laevis,819,Quercus,laevis,,,quercus,laevis,819,819,Quercus laevis,12.192,1148.335114,0.639,1.53,USDA 2011,0,USDA 2011,0,1,0,29,0,
quercus_prinus,832,Quercus,prinus,,,quercus,prinus,832,832,Quercus montana,22.2504,4535.9237,0.67,1.5,USDA 2011,0,USDA 2011,0,2,1,29,0,
cladrastis_kentukea,481,Cladrastis,kentukea,,,cladrastis,kentukea,481,481,Cladrastis kentukea,12.192,37.79936417,0.6278,1.5,USDA 2011,0,USDA 2011,0,2,1,31,0,
melaleuca_quinquenervia,992,Melaleuca,quinquenervia,,,melaleuca,quinquenervia,992,992,NA,30.48,0.22,0.57,1.5,Swenson and Weiser 2010,1,Royal Botanical Gardens Kew 2008,0,2,1,30,1,
pinus_taeda,131,Pinus,taeda,,,pinus,taeda,131,131,Pinus taeda,30.48,24.65175924,0.47,1.5,USDA 2011,0,USDA 2011,0,1,0,21,0,
pinus_virginiana,132,Pinus,virginiana,,,pinus,virginiana,132,132,Pinus virginiana,21.336,8.696172738,0.45,1.5,USDA 2011,0,USDA 2011,0,1,0,30,1,
quercus_falcata,812,Quercus,falcata,,,quercus,falcata,812,812,Quercus falcata,22.86,839.9858704,0.52,1.47,USDA 2011,0,USDA 2011,0,1,0,29,0,
liquidambar_styraciflua,611,Liquidambar,styraciflua,,,liquidambar,styraciflua,611,611,Liquidambar styraciflua,30.48,5.526222831,0.46,1.451,USDA 2011,0,USDA 2011,0,1,0,29,0,
pinus_pungens,123,Pinus,pungens,,,pinus,pungens,123,123,Pinus pungens,15.24,13.2629348,0.49,1.45,USDA 2013,0,USDA 2011,0,1,0,30,1,
pinus_clausa,107,Pinus,clausa,,,pinus,clausa,107,107,Pinus clausa,24.384,6.031813431,0.46,1.45,USDA 2011,0,USDA 2011,0,1,0,30,1,
pinus_glabra,115,Pinus,glabra,,,pinus,glabra,115,115,Pinus glabra,27.432,9.775697629,0.41,1.45,USDA 2011,0,USDA 2011,0,1,0,30,1,
quercus_sinuata,808,Quercus,sinuata,sinuata,,quercus,sinuata,808,808,NA,27.432,1567,0.61,1.44,Swenson and Weiser 2010,1,Royal Botanical Gardens Kew 2008,0,2,1,30,1,
quercus_pagoda,813,Quercus,pagoda,,,quercus,pagoda,813,813,Quercus pagoda,36.576,782.0558103,0.61,1.44,USDA 2011,0,USDA 2011,0,2,1,26,0,
abies_spp.,10,Abies,spp.,,,abies,spp.,10,10,NA,17.526,7.52024361,0.415,1.425,derived,2,derived,2,derived,2,derived,2,
quercus_ilicifolia,816,Quercus,ilicifolia,,,quercus,ilicifolia,816,816,Quercus ilicifolia,12.5,648.49,0.703,1.4,Swenson and Weiser 2010,1,Royal Botanical Gardens Kew 2008,0,2,1,26,0,
cornus_florida,491,Cornus,florida,,,cornus,florida,491,491,Cornus florida,9.144,101.2482969,0.64,1.4,USDA 2011,0,USDA 2011,0,1,0,29,0,
pinus_sylvestris,130,Pinus,sylvestris,,,pinus,sylvestris,130,130,NA,33.528,6.413919259,0.393,1.39,USDA 2011,0,USDA 2011,0,1,0,20,0,
quercus_marilandica,824,Quercus,marilandica,,,quercus,marilandica,824,824,Quercus marilandica,7.62,647.9891,0.7324,1.38,USDA 2011,0,USDA 2011,0,2,1,11,0,
quercus_velutina,837,Quercus,velutina,,,quercus,velutina,837,837,Quercus velutina,24.384,1851.397429,0.56,1.38,USDA 2011,0,USDA 2011,0,1,0,29,0,
pinus_strobus,129,Pinus,strobus,,,pinus,strobus,129,129,Pinus strobus,45.72,16.77486575,0.34,1.35,USDA 2011,0,USDA 2011,0,1,0,29,0,
magnolia_grandiflora,652,Magnolia,grandiflora,,,magnolia,grandiflora,652,652,Magnolia grandiflora,30.48,70.87380781,0.37,1.34,USDA 2011,0,USDA 2011,0,1,0,29,0,
picea_pungens,96,Picea,pungens,,,picea,pungens,96,96,NA,30.48,4.275946173,0.41,1.33,USDA 2011,0,USDA 2011,0,2,1,18,0,
magnolia_spp.,650,Magnolia,spp.,,,magnolia,spp.,650,650,NA,23.87533333,124.1650712,0.42145,1.323,derived,2,derived,2,derived,2,derived,2,
quercus_virginiana,838,Quercus,virginiana,,,quercus,virginiana,838,838,Quercus virginiana,15.24,1288.614688,0.8,1.32,USDA 2011,0,USDA 2011,0,1,0,29,0,
quercus_laurifolia,820,Quercus,laurifolia,,,quercus,laurifolia,820,820,Quercus laurifolia,21.336,809.986375,0.56,1.32,USDA 2011,0,USDA 2011,0,1,0,29,0,
sabal_palmetto,912,Sabal,palmetto,,,sabal,palmetto,912,912,Sabal palmetto,27.432,270.8014149,0.44,1.32,USDA 2011,0,USDA 2011,0,2,1,30,1,
conocarpus_erectus,987,Conocarpus,erectus,,,conocarpus,erectus,987,987,NA,4,3.3,0.85,1.3,Swenson and Weiser 2010,1,Royal Botanical Gardens Kew 2008,0,2,1,30,1,
quercus_nigra,827,Quercus,nigra,,,quercus,nigra,827,827,Quercus nigra,27.432,1148.335114,0.56,1.29,USDA 2011,0,USDA 2011,0,1,0,29,0,
abies_balsamea,12,Abies,balsamea,,,abies,balsamea,12,12,NA,18.288,7.580086397,0.33,1.29,USDA 2011,0,USDA 2011,0,1,0,26,0,
thuja_occidentalis,241,Thuja,occidentalis,,,thuja,occidentalis,241,241,NA,15.24,1.312477922,0.29,1.28,USDA 2011,0,USDA 2011,0,1,0,20,0,
pinus_banksiana,105,Pinus,banksiana,,,pinus,banksiana,105,105,NA,24.384,3.461480235,0.4,1.24,USDA 2011,0,USDA 2011,0,1,0,20,0,
paulownia_tomentosa,712,Paulownia,tomentosa,,,paulownia,tomentosa,712,712,Paulownia tomentosa,21.336,0.160848358,0.28,1.234,USDA 2011,0,USDA 2011,0,1,0,30,1,
picea_glauca,94,Picea,glauca,,,picea,glauca,94,94,NA,30.48,2.433435461,0.33,1.2,USDA 2011,0,USDA 2011,0,1,0,29,0,
taxodium_distichum,221,Taxodium,distichum,,,taxodium,distichum,221,221,Taxodium distichum,39.624,87.22930192,0.42,1.19,USDA 2011,0,USDA 2011,0,1,0,29,0,
picea_abies,91,Picea,abies,,,picea,abies,91,91,NA,39.624,7.087380781,0.37,1.19,USDA 2011,0,USDA 2011,0,1,0,29,0,
pinus_nigra,136,Pinus,nigra,,,pinus,nigra,136,136,NA,36.576,17.39234548,0.42,1.18,USDA 2011,0,USDA 2011,0,1,0,29,0,
juniperus_monosperma,69,Juniperus,monosperma,,,juniperus,monosperma,69,69,NA,12.192,25.72843846,0.61,1.17,USDA 2013,0,USDA 2013,0,2,1,30,1,
pinus_resinosa,125,Pinus,resinosa,,,pinus,resinosa,125,125,NA,24.384,8.696172738,0.41,1.17,USDA 2011,0,USDA 2011,0,1,0,20,0,
pinus_rigida,126,Pinus,rigida,,,pinus,rigida,126,126,Pinus rigida,24.384,7.306578125,0.47,1.16,USDA 2011,0,USDA 2011,0,1,0,29,0,
picea_spp.,90,Picea,spp.,,,picea,spp.,90,90,NA,31.75,3.586031777,0.368333333,1.145,derived,2,derived,2,derived,2,derived,2,
ilex_opaca,591,Ilex,opaca,,,ilex,opaca,591,591,Ilex opaca,12.192,15.95470876,0.5,1.119,USDA 2011,0,USDA 2011,0,1,0,29,0,
pinus_elliottii,111,Pinus,elliottii,,,pinus,elliottii,111,111,Pinus elliottii,30.48,31.32543992,0.54,1.11,USDA 2011,0,USDA 2011,0,1,0,35,0,
picea_rubens,97,Picea,rubens,,,picea,rubens,97,97,Picea rubens,33.528,3.2399455,0.37,1.1,USDA 2011,0,USDA 2011,0,1,0,14,0,
pseudotsuga_menziesii,202,Pseudotsuga,menziesii,,,pseudotsuga,menziesii,202,202,NA,60.96,10.77928636,0.428,1.08,USDA 2011,0,USDA 2011,0,1,0,29,0,
pinus_echinata,110,Pinus,echinata,,,pinus,echinata,110,110,Pinus echinata,30.48,9.449841042,0.47,1.07,USDA 2011,0,USDA 2011,0,1,0,11,0,
taxodium_ascendens,222,Taxodium,ascendens,,,taxodium,ascendens,222,222,Taxodium ascendens,30.48,90.718474,0.5,1.06,USDA 2011,0,USDA 2011,0,2,1,2,0,
triadica_sebifera,994,Triadica,sebifera,,,triadica,sebifera,994,994,Triadica sebifera,14,133,0.401,1.05,Swenson and Weiser 2010,1,Royal Botanical Gardens Kew 2008,0,2,1,30,1,
picea_engelmannii,93,Picea,engelmannii,,,picea,engelmannii,93,93,NA,36.576,3.358948238,0.35,1.03,USDA 2012,0,USDA 2012,0,2,1,30,1,
rhizophora_mangle,989,Rhizophora,mangle,,,rhizophora,mangle,989,989,NA,30.48,10100,0.84,1.02,Swenson and Weiser 2010,1,Royal Botanical Gardens Kew 2008,0,2,1,30,1,
swietenia_mahagoni,940,Swietenia,mahagoni,,,swietenia,mahagoni,940,940,NA,18.288,62.47828788,0.75,1.02,USDA 2011,0,USDA 2011,0,2,1,30,1,
picea_mariana,95,Picea,mariana,,,picea,mariana,95,95,NA,19.812,1.120534511,0.38,1.02,USDA 2011,0,USDA 2011,0,1,0,29,0,
quercus_texana,828,Quercus,texana,,,quercus,texana,828,828,NA,25,4785,0.642342308,0.99,FNA 2004,0,Royal Botanical Gardens Kew 2008,0,derived,2,31,0,
tsuga_caroliniana,262,Tsuga,caroliniana,,,tsuga,caroliniana,262,262,Tsuga caroliniana,19.812,5.271265195,0.38,0.99,USDA 2011,0,USDA 2011,0,2,1,30,1,
tsuga_spp.,260,Tsuga,spp.,,,tsuga,spp.,260,260,NA,25.908,3.84715068,0.38,0.99,derived,2,derived,2,derived,2,derived,2,
tsuga_canadensis,261,Tsuga,canadensis,,,tsuga,canadensis,261,261,Tsuga canadensis,32.004,2.423036165,0.38,0.99,USDA 2011,0,USDA 2011,0,1,0,29,0,
pinus_ponderosa,122,Pinus,ponderosa,,,pinus,ponderosa,122,122,NA,67.9704,37.79936417,0.42,0.966,USDA 2011,0,USDA 2011,0,2,1,30,1,
quercus_incana,842,Quercus,incana,,,quercus,incana,842,842,Quercus incana,10.688,1000,0.71,0.95,Swenson and Weiser 2010,1,Royal Botanical Gardens Kew 2008,0,1,0,29,0,
quercus_minima,841,Quercus,minima,,,quercus,minima,841,841,NA,2,1154.1525,0.89,0.89,Swenson and Weiser 2010,1,Swenson and Weiser 2010,1,2,1,30,1,
pinus_palustris,121,Pinus,palustris,,,pinus,palustris,121,121,Pinus palustris,36.576,106.9793325,0.54,0.82,USDA 2011,0,USDA 2011,0,1,0,29,0,
pinus_serotina,128,Pinus,serotina,,,pinus,serotina,128,128,Pinus serotina,24.384,8.338095037,0.51,0.82,USDA 2011,0,USDA 2011,0,1,0,30,1,
chamaecyparis_thyoides,43,Chamaecyparis,thyoides,,,chamaecyparis,thyoides,43,43,Chamaecyparis thyoides,15.24,0.98607037,0.31,0.742,USDA 2011,0,USDA 2011,0,1,0,17,0,
magnolia_acuminata,651,Magnolia,acuminata,,,magnolia,acuminata,651,651,Magnolia acuminata,30.48,83.2279578,0.44,1.89,USDA 2011,0,USDA 2011,0,1,0,30,1,Nitrogen originally given as 0.189.  Changed to 1.89 to match other Magnolias because this values was an outlier even among all trees.
magnolia_virginiana,653,Magnolia,virginiana,,,magnolia,virginiana,653,653,Magnolia virginiana,18.288,60.23803054,0.42,1.89,USDA 2011,0,USDA 2011,0,1,0,30,1,Nitrogen originally given as 0.189.  Changed to 1.89 to match other Magnolias because this values was an outlier even among all trees.
